,recruit_pts,rank,team,year
0,319.71,1,Alabama,2014
1,299.29,2,LSU,2014
2,296.08,3,Ohio State,2014
3,286.79,4,Florida State,2014
4,278.08,5,Texas A&M,2014
5,277.12,6,Auburn,2014
6,274.77,7,Tennessee,2014
7,273.39,8,Georgia,2014
8,267.4,9,Florida,2014
9,264.86,10,USC,2014
10,260.44,11,Notre Dame,2014
11,256.08,12,Miami,2014
12,250.05,13,Stanford,2014
13,248.94,14,Oklahoma,2014
14,241.12,15,Ole Miss,2014
15,240.73,16,Clemson,2014
16,239.85,17,Texas,2014
17,239.74,18,UCLA,2014
18,239.33,19,South Carolina,2014
19,233.54,20,Michigan,2014
20,232.44,21,Oregon,2014
21,225.4,22,Kentucky,2014
22,223.19,23,Arizona State,2014
23,221.35,24,Penn State,2014
24,218.13,25,Baylor,2014
25,217.62,26,Michigan State,2014
26,217.59,27,Oklahoma State,2014
27,217.39,28,Virginia Tech,2014
28,215.5,29,Arkansas,2014
29,213.58,30,North Carolina,2014
30,213.29,31,Arizona,2014
31,205.44,32,Wisconsin,2014
32,205.34,33,Virginia,2014
33,201.31,34,NC State,2014
34,200.24,35,Nebraska,2014
35,199.92,36,Mississippi State,2014
36,198.53,37,Missouri,2014
37,198.52,38,Washington,2014
38,194.85,39,West Virginia,2014
39,191.82,40,Texas Tech,2014
40,190.98,41,Maryland,2014
41,189.74,42,South Florida,2014
42,188.64,43,TCU,2014
43,187.66,44,Pittsburgh,2014
44,183.64,45,Louisville,2014
45,183.05,46,Vanderbilt,2014
46,182.68,47,Northwestern,2014
47,180.46,48,Indiana,2014
48,178.29,49,Kansas State,2014
49,177.14,50,Kansas,2014
50,177.12,51,Boston College,2014
51,176.87,52,Syracuse,2014
52,176.62,53,Washington State,2014
53,175.71,54,Georgia Tech,2014
54,174.52,55,California,2014
55,174.14,56,Rutgers,2014
56,172.32,57,Minnesota,2014
57,171.84,58,Iowa,2014
58,171.65,59,Iowa State,2014
59,166.96,60,Oregon State,2014
60,166.35,61,Duke,2014
61,165.64,62,Marshall,2014
62,163.09,63,Boise State,2014
63,161.71,64,BYU,2014
64,161.43,65,Cincinnati,2014
65,160.67,66,Utah,2014
66,160.4,67,Wake Forest,2014
67,159.55,68,UCF,2014
68,156.27,69,Temple,2014
69,156.02,70,Purdue,2014
70,153.42,71,Western Michigan,2014
71,153.35,72,Illinois,2014
72,147.92,73,San Diego State,2014
73,147.9,74,Colorado,2014
74,144.26,75,Houston,2014
75,136.87,76,East Carolina,2014
76,136.07,77,Old Dominion,2014
77,135.91,78,Memphis,2014
78,130.3,79,Tulsa,2014
79,128.23,80,SMU,2014
80,126.15,81,Nevada,2014
81,125.74,82,Southern Mississippi,2014
82,124.98,83,San José State,2014
83,124.42,84,Fresno State,2014
84,124.03,85,Middle Tennessee,2014
85,122.77,86,Colorado State,2014
86,121.25,87,Appalachian State,2014
87,121.12,88,Western Kentucky,2014
88,119.17,89,Louisiana Tech,2014
89,118.86,90,Tulane,2014
90,117.7,91,Rice,2014
91,115.38,92,Toledo,2014
92,112.56,93,New Mexico,2014
93,111.77,94,Florida Atlantic,2014
94,111.51,95,Arkansas State,2014
95,111.25,96,Georgia Southern,2014
96,109.9,97,Texas State,2014
97,109.52,98,Northern Illinois,2014
98,108.34,99,Hawai'i,2014
99,108.06,100,Buffalo,2014
100,107.53,101,Ball State,2014
101,105.12,102,Ohio,2014
102,105.0,103,North Texas,2014
103,103.87,104,Yale,2014
104,102.91,105,Georgia State,2014
105,102.64,106,Bowling Green,2014
106,102.49,107,Louisiana,2014
107,101.9,108,Navy,2014
108,100.66,109,Florida International,2014
109,98.31,110,Connecticut,2014
110,97.8,111,Utah State,2014
111,97.78,112,Air Force,2014
112,97.33,113,Akron,2014
113,96.13,114,UAB,2014
114,96.08,115,South Alabama,2014
115,91.2,116,Central Michigan,2014
116,91.15,117,UNLV,2014
117,89.53,118,UTEP,2014
118,89.2,119,Charlotte,2014
119,87.9,120,UMass,2014
120,87.22,121,Army,2014
121,86.79,122,New Mexico State,2014
122,86.65,123,Kent State,2014
123,84.89,124,Eastern Michigan,2014
124,84.76,125,Miami (OH),2014
125,84.48,126,Louisiana Monroe,2014
126,81.73,127,UT San Antonio,2014
127,80.87,128,Wyoming,2014
128,77.86,129,Idaho,2014
129,75.99,130,Illinois State,2014
130,69.28,131,Chattanooga,2014
131,64.21,132,Troy,2014
132,63.88,133,Portland State,2014
133,53.85,134,Northern Arizona,2014
134,48.6,135,Charleston Southern,2014
135,47.91,136,Jacksonville State,2014
136,42.37,138,Albany,2014
137,41.96,139,Southern Illinois,2014
138,41.25,140,Harvard,2014
139,40.82,141,South Carolina State,2014
140,36.88,142,North Dakota State,2014
141,35.51,143,Stony Brook,2014
142,34.42,144,Samford,2014
143,32.99,145,Tennessee Tech,2014
144,32.95,146,Kennesaw State,2014
145,32.13,147,Nicholls,2014
146,30.83,148,Furman,2014
147,30.57,149,Princeton,2014
148,30.33,150,Indiana State,2014
149,28.44,151,Missouri State,2014
150,27.34,152,UC Davis,2014
151,26.59,153,Tennessee State,2014
152,26.57,154,Wofford,2014
153,25.6,155,Murray State,2014
154,25.04,156,Austin Peay,2014
155,24.32,157,Northern Iowa,2014
156,24.03,158,Eastern Illinois,2014
157,23.78,159,East Tennessee State,2014
158,23.5,160,Mercer,2014
159,23.39,161,Southeast Missouri State,2014
160,21.77,162,Towson,2014
161,20.62,163,Bethune-Cookman,2014
162,20.55,164,Northern Colorado,2014
163,20.34,165,Delaware,2014
164,20.2,166,James Madison,2014
165,20.09,167,Alabama State,2014
166,19.95,168,Coastal Carolina,2014
167,19.29,169,Monmouth,2014
168,19.26,170,Richmond,2014
169,18.92,171,Fordham,2014
170,18.81,173,Youngstown State,2014
171,18.18,174,William & Mary,2014
172,17.23,175,South Dakota State,2014
173,17.0,176,Rhode Island,2014
174,16.76,178,The Citadel,2014
175,16.52,179,Eastern Washington,2014
176,16.46,180,Lamar,2014
177,15.94,181,Lafayette,2014
178,15.73,182,Central Arkansas,2014
179,15.51,183,Western Illinois,2014
180,15.49,184,Holy Cross,2014
181,14.95,185,Southeastern Louisiana,2014
182,14.24,187,Savannah State,2014
183,14.23,188,Jackson State,2014
184,14.19,189,McNeese,2014
185,13.96,190,Pennsylvania,2014
186,13.29,193,Sam Houston State,2014
187,13.29,194,Idaho State,2014
188,13.26,195,Colgate,2014
189,13.24,196,Eastern Kentucky,2014
190,13.18,197,Grambling,2014
191,12.94,198,Jacksonville,2014
192,12.63,199,Presbyterian College,2014
193,11.66,202,Villanova,2014
194,11.22,203,New Hampshire,2014
195,10.84,206,UT Martin,2014
196,10.5,208,Western Carolina,2014
197,10.04,210,Northwestern State,2014
198,9.95,211,Robert Morris,2014
199,9.86,212,Delaware State,2014
200,9.34,213,Houston Christian,2014
201,9.04,214,Hampton,2014
202,8.93,216,Georgetown,2014
203,8.89,217,North Carolina Central,2014
204,8.82,218,Cornell,2014
205,8.64,219,Norfolk State,2014
206,8.32,221,Duquesne,2014
207,7.93,223,Prairie View,2014
208,7.63,224,Liberty,2014
209,7.43,225,Lehigh,2014
210,6.67,226,North Carolina A&T,2014
211,6.67,227,Sacramento State,2014
212,6.67,228,Stephen F. Austin,2014
213,6.67,229,Cal Poly,2014
214,6.67,230,Columbia,2014
215,6.67,231,Elon,2014
216,6.64,232,Montana State,2014
217,6.64,233,South Dakota,2014
218,6.59,234,Maine,2014
219,6.31,235,Bucknell,2014
220,5.95,236,Campbell,2014
221,3.98,242,Howard,2014
222,1.97,245,Texas Southern,2014
223,-0.03,279,Marist,2014
224,-0.03,280,St Francis (PA),2014
225,-0.03,283,Wagner,2014
226,-0.03,286,Southern,2014
227,-0.03,287,Butler,2014
228,-0.03,295,Florida A&M,2014
229,-0.08,300,North Dakota,2014
230,-0.09,301,VMI,2014
231,311.1,1,Alabama,2015
232,310.88,2,USC,2015
233,287.06,3,Florida State,2015
234,286.26,4,Tennessee,2015
235,284.37,5,LSU,2015
236,282.54,6,Georgia,2015
237,279.6,7,Ohio State,2015
238,278.31,8,Auburn,2015
239,277.98,9,Clemson,2015
240,272.49,10,Texas,2015
241,270.61,11,Texas A&M,2015
242,269.68,12,UCLA,2015
243,267.79,13,Notre Dame,2015
244,250.0,14,Penn State,2015
245,249.69,15,Oklahoma,2015
246,245.79,16,Oregon,2015
247,245.71,17,Ole Miss,2015
248,237.46,18,Mississippi State,2015
249,232.73,19,Arizona State,2015
250,230.49,20,South Carolina,2015
251,227.46,21,Florida,2015
252,222.51,22,Arkansas,2015
253,221.77,23,Michigan State,2015
254,220.65,24,Stanford,2015
255,217.98,25,Missouri,2015
256,215.83,26,Washington,2015
257,215.49,27,Miami,2015
258,214.05,28,North Carolina,2015
259,212.07,29,Virginia Tech,2015
260,211.72,30,Nebraska,2015
261,208.69,31,NC State,2015
262,203.18,32,Texas Tech,2015
263,201.4,33,Louisville,2015
264,198.77,34,California,2015
265,198.02,35,West Virginia,2015
266,195.88,36,Baylor,2015
267,194.82,37,Michigan,2015
268,193.19,38,Kentucky,2015
269,191.44,39,TCU,2015
270,191.28,40,Oklahoma State,2015
271,189.85,41,Wisconsin,2015
272,188.41,42,Washington State,2015
273,186.57,43,Arizona,2015
274,185.45,44,Georgia Tech,2015
275,183.38,45,Utah,2015
276,183.18,46,Pittsburgh,2015
277,182.31,47,Maryland,2015
278,181.74,48,Illinois,2015
279,181.37,49,Vanderbilt,2015
280,179.92,50,Virginia,2015
281,176.85,51,Wake Forest,2015
282,175.77,52,Duke,2015
283,175.35,53,Indiana,2015
284,175.02,54,Kansas State,2015
285,174.83,55,Northwestern,2015
286,172.19,56,Rutgers,2015
287,172.06,57,Syracuse,2015
288,171.68,58,Boise State,2015
289,169.99,59,Iowa,2015
290,169.45,60,Boston College,2015
291,167.89,61,Oregon State,2015
292,167.14,62,San José State,2015
293,167.01,63,Minnesota,2015
294,166.5,64,Iowa State,2015
295,165.06,65,BYU,2015
296,163.15,66,South Florida,2015
297,162.85,67,Purdue,2015
298,162.45,68,Cincinnati,2015
299,162.04,69,Colorado,2015
300,161.96,70,San Diego State,2015
301,160.78,71,UCF,2015
302,155.02,72,Fresno State,2015
303,153.94,73,Kansas,2015
304,150.48,74,Miami (OH),2015
305,149.98,75,Marshall,2015
306,147.78,76,Western Michigan,2015
307,146.79,77,Memphis,2015
308,146.18,78,Louisiana,2015
309,146.02,79,Florida Atlantic,2015
310,143.34,80,Temple,2015
311,142.99,81,SMU,2015
312,142.32,82,Louisiana Tech,2015
313,138.94,83,Northern Illinois,2015
314,138.12,84,Toledo,2015
315,137.18,85,Georgia Southern,2015
316,134.77,86,Middle Tennessee,2015
317,133.4,87,Southern Mississippi,2015
318,132.17,88,South Alabama,2015
319,131.58,89,Houston,2015
320,131.45,90,Arkansas State,2015
321,128.9,91,Tulane,2015
322,128.68,92,Ohio,2015
323,126.85,93,East Carolina,2015
324,126.6,94,North Texas,2015
325,124.71,95,Texas State,2015
326,124.56,96,Utah State,2015
327,123.63,97,Central Michigan,2015
328,122.5,98,Nevada,2015
329,120.89,99,Connecticut,2015
330,120.42,100,Florida International,2015
331,120.11,101,Rice,2015
332,119.93,102,Kent State,2015
333,119.88,103,UT San Antonio,2015
334,119.83,104,Bowling Green,2015
335,119.7,105,Ball State,2015
336,119.46,106,UNLV,2015
337,118.12,107,UMass,2015
338,116.67,108,Louisiana Monroe,2015
339,116.08,109,Tulsa,2015
340,115.65,110,Old Dominion,2015
341,115.65,111,Western Kentucky,2015
342,114.7,112,Navy,2015
343,114.32,113,Wyoming,2015
344,112.03,114,Appalachian State,2015
345,110.15,115,Eastern Michigan,2015
346,110.03,116,New Mexico,2015
347,107.58,117,Troy,2015
348,103.21,118,Buffalo,2015
349,101.72,119,Colorado State,2015
350,100.83,120,Army,2015
351,98.54,121,Idaho,2015
352,98.16,122,Hawai'i,2015
353,98.02,123,Air Force,2015
354,90.61,124,Georgia State,2015
355,87.78,125,New Mexico State,2015
356,86.91,126,Charlotte,2015
357,82.38,127,Akron,2015
358,73.03,128,UTEP,2015
359,67.37,129,Harvard,2015
360,65.76,130,Northern Arizona,2015
361,63.37,131,Chattanooga,2015
362,63.16,132,North Dakota State,2015
363,59.0,133,Jacksonville State,2015
364,47.49,134,Towson,2015
365,46.41,135,James Madison,2015
366,45.08,136,Yale,2015
367,43.67,137,Western Carolina,2015
368,41.3,138,Stephen F. Austin,2015
369,39.72,139,UT Martin,2015
370,39.45,140,UC Davis,2015
371,39.11,141,Northern Iowa,2015
372,38.13,142,Liberty,2015
373,37.8,143,Samford,2015
374,37.56,145,South Dakota,2015
375,37.12,146,Southern Illinois,2015
376,37.09,147,Montana,2015
377,36.75,148,Southeast Missouri State,2015
378,36.33,149,South Carolina State,2015
379,35.89,150,Lafayette,2015
380,35.75,151,Weber State,2015
381,35.28,152,Princeton,2015
382,35.12,153,Austin Peay,2015
383,35.02,154,Monmouth,2015
384,34.98,155,Cal Poly,2015
385,34.1,156,Villanova,2015
386,33.75,157,William & Mary,2015
387,33.71,158,South Dakota State,2015
388,32.93,159,Florida A&M,2015
389,32.92,160,Furman,2015
390,32.39,161,Duquesne,2015
391,32.38,162,Delaware,2015
392,32.28,163,Illinois State,2015
393,31.28,164,East Tennessee State,2015
394,30.6,165,Alcorn State,2015
395,30.4,166,The Citadel,2015
396,30.13,167,Wofford,2015
397,29.96,168,Sam Houston State,2015
398,28.88,169,Western Illinois,2015
399,26.73,170,Bethune-Cookman,2015
400,26.71,171,Coastal Carolina,2015
401,26.36,172,Dartmouth,2015
402,26.17,173,Colgate,2015
403,25.89,174,Rhode Island,2015
404,24.51,175,Southeastern Louisiana,2015
405,23.29,176,Mercer,2015
406,22.92,177,Northwestern State,2015
407,22.25,178,North Dakota,2015
408,22.02,179,Eastern Washington,2015
409,21.52,180,Texas Southern,2015
410,21.25,182,Lehigh,2015
411,21.21,183,Youngstown State,2015
412,21.06,184,Central Arkansas,2015
413,19.63,185,Indiana State,2015
414,19.23,186,Tennessee Tech,2015
415,18.14,187,Prairie View,2015
416,16.93,188,Presbyterian College,2015
417,16.8,189,Gardner-Webb,2015
418,16.61,190,New Hampshire,2015
419,15.83,193,Kennesaw State,2015
420,15.69,195,Richmond,2015
421,15.51,196,St Francis (PA),2015
422,14.96,197,Robert Morris,2015
423,13.69,198,Cornell,2015
424,13.67,199,Marist,2015
425,13.33,201,Northern Colorado,2015
426,13.29,202,Portland State,2015
427,13.29,203,Holy Cross,2015
428,12.87,204,Hampton,2015
429,12.2,205,Grand Valley State,2015
430,11.95,207,Bucknell,2015
431,11.23,208,North Carolina Central,2015
432,11.13,209,Charleston Southern,2015
433,11.06,210,Elon,2015
434,11.01,211,Eastern Kentucky,2015
435,10.93,213,McNeese,2015
436,10.32,214,Valparaiso,2015
437,10.0,215,Missouri State,2015
438,9.97,216,Alabama State,2015
439,9.56,218,Jackson State,2015
440,9.46,219,Columbia,2015
441,9.32,220,Murray State,2015
442,8.86,223,Maine,2015
443,8.57,224,Idaho State,2015
444,7.98,225,Norfolk State,2015
445,7.98,226,Montana State,2015
446,7.82,227,Stony Brook,2015
447,7.57,228,Tennessee State,2015
448,6.92,229,Georgetown,2015
449,6.67,230,Butler,2015
450,6.67,231,Sacramento State,2015
451,6.31,233,Lamar,2015
452,5.98,234,Southern Utah,2015
453,5.0,235,Fordham,2015
454,4.98,236,Delaware State,2015
455,3.3,238,Mississippi Valley State,2015
456,0.0,263,Savannah State,2015
457,0.0,264,UAB,2015
458,-0.03,265,Jacksonville,2015
459,-0.03,266,Morgan State,2015
460,-0.03,267,North Carolina A&T,2015
461,-0.06,268,Albany,2015
462,302.04,1,Alabama,2016
463,295.03,2,LSU,2016
464,294.83,3,Florida State,2016
465,289.12,4,Ohio State,2016
466,281.69,5,Ole Miss,2016
467,281.31,6,Georgia,2016
468,280.66,7,Texas,2016
469,280.38,8,Michigan,2016
470,275.14,9,Auburn,2016
471,273.71,10,USC,2016
472,271.16,11,Clemson,2016
473,260.96,12,Florida,2016
474,259.06,13,UCLA,2016
475,253.94,14,Tennessee,2016
476,249.43,15,Notre Dame,2016
477,245.82,16,Stanford,2016
478,239.13,17,Michigan State,2016
479,238.94,18,Texas A&M,2016
480,238.73,19,Oklahoma,2016
481,237.79,20,Penn State,2016
482,235.79,21,TCU,2016
483,231.78,22,Miami,2016
484,219.34,23,Arkansas,2016
485,217.62,24,Arizona State,2016
486,216.77,25,South Carolina,2016
487,216.76,26,Nebraska,2016
488,216.42,27,Oregon,2016
489,211.11,28,Mississippi State,2016
490,209.87,29,Washington,2016
491,209.23,30,Pittsburgh,2016
492,207.8,31,California,2016
493,204.83,32,North Carolina,2016
494,204.67,33,Duke,2016
495,204.07,34,Kentucky,2016
496,202.85,35,Wisconsin,2016
497,201.5,36,Houston,2016
498,200.66,37,Utah,2016
499,196.02,38,Louisville,2016
500,194.45,39,West Virginia,2016
501,191.99,40,Baylor,2016
502,190.15,41,Maryland,2016
503,190.06,42,Virginia Tech,2016
504,188.37,43,Missouri,2016
505,184.64,44,Texas Tech,2016
506,184.33,45,Oklahoma State,2016
507,182.22,46,Minnesota,2016
508,181.39,47,Iowa,2016
509,180.42,48,Arizona,2016
510,177.85,49,BYU,2016
511,177.67,50,NC State,2016
512,176.55,51,Marshall,2016
513,174.91,52,Northwestern,2016
514,172.23,53,Indiana,2016
515,171.54,54,Vanderbilt,2016
516,170.58,55,Iowa State,2016
517,169.74,56,Washington State,2016
518,169.4,57,Wake Forest,2016
519,169.17,58,Oregon State,2016
520,167.55,59,Temple,2016
521,167.13,60,Georgia Tech,2016
522,165.98,61,Memphis,2016
523,165.15,62,Syracuse,2016
524,164.95,63,Virginia,2016
525,163.8,64,Rutgers,2016
526,162.22,65,UCF,2016
527,161.21,66,South Florida,2016
528,160.72,67,Western Michigan,2016
529,160.66,68,Boise State,2016
530,160.42,69,Colorado,2016
531,159.19,70,Kansas,2016
532,158.61,71,UAB,2016
533,155.49,72,Kansas State,2016
534,153.64,73,Illinois,2016
535,152.74,74,Cincinnati,2016
536,152.27,75,SMU,2016
537,150.5,76,Colorado State,2016
538,149.4,77,Georgia Southern,2016
539,146.69,78,Boston College,2016
540,146.62,79,East Carolina,2016
541,145.09,80,Purdue,2016
542,142.78,81,UNLV,2016
543,141.93,82,San Diego State,2016
544,141.76,83,New Mexico,2016
545,137.84,84,San José State,2016
546,137.22,85,Fresno State,2016
547,136.04,86,UMass,2016
548,134.08,87,South Alabama,2016
549,132.92,88,Toledo,2016
550,132.74,89,Florida Atlantic,2016
551,132.18,90,Arkansas State,2016
552,132.07,91,Navy,2016
553,130.65,92,Utah State,2016
554,129.79,93,Miami (OH),2016
555,128.91,94,Louisiana Tech,2016
556,128.52,95,Tulsa,2016
557,128.26,96,Middle Tennessee,2016
558,127.78,97,Tulane,2016
559,127.73,98,Troy,2016
560,126.83,99,Connecticut,2016
561,126.05,100,Southern Mississippi,2016
562,124.1,101,Western Kentucky,2016
563,122.36,102,North Texas,2016
564,120.32,103,UT San Antonio,2016
565,119.8,104,Florida International,2016
566,118.76,105,Nevada,2016
567,115.83,106,Louisiana,2016
568,112.52,107,Central Michigan,2016
569,111.87,108,Hawai'i,2016
570,111.72,109,Appalachian State,2016
571,111.71,110,Texas State,2016
572,111.58,111,Bowling Green,2016
573,111.4,112,Northern Illinois,2016
574,110.91,113,Ball State,2016
575,110.9,114,Air Force,2016
576,109.82,115,Ohio,2016
577,109.65,116,Wyoming,2016
578,108.9,117,Army,2016
579,107.51,118,Buffalo,2016
580,106.83,119,Charlotte,2016
581,106.63,120,Old Dominion,2016
582,102.89,121,Eastern Michigan,2016
583,102.29,122,Yale,2016
584,101.42,123,Idaho,2016
585,99.51,124,Louisiana Monroe,2016
586,99.39,125,UTEP,2016
587,97.11,126,Coastal Carolina,2016
588,96.32,127,Georgia State,2016
589,94.49,128,New Mexico State,2016
590,93.86,129,Rice,2016
591,90.67,130,Columbia,2016
592,82.77,131,Kent State,2016
593,82.29,132,Akron,2016
594,81.09,133,Tennessee State,2016
595,79.35,134,Stephen F. Austin,2016
596,79.32,135,Lamar,2016
597,77.25,136,North Dakota State,2016
598,75.88,137,Montana,2016
599,75.01,138,Northern Arizona,2016
600,74.84,139,Harvard,2016
601,69.3,140,Sam Houston State,2016
602,69.2,141,UC Davis,2016
603,68.3,142,Northern Iowa,2016
604,67.88,144,Austin Peay,2016
605,64.63,145,Eastern Washington,2016
606,64.62,146,Samford,2016
607,63.31,147,Florida A&M,2016
608,62.3,148,Central Arkansas,2016
609,61.31,149,South Dakota State,2016
610,60.25,150,Grand Valley State,2016
611,58.06,151,Jacksonville State,2016
612,57.89,152,Richmond,2016
613,56.31,153,Northern Colorado,2016
614,56.1,154,Eastern Kentucky,2016
615,56.07,155,Bethune-Cookman,2016
616,55.72,156,James Madison,2016
617,55.17,157,Southeast Missouri State,2016
618,53.42,158,Pennsylvania,2016
619,49.75,159,South Dakota,2016
620,49.02,160,Tennessee Tech,2016
621,48.18,161,Weber State,2016
622,47.73,162,Western Carolina,2016
623,46.78,163,McNeese,2016
624,46.72,164,Wofford,2016
625,46.61,165,Montana State,2016
626,46.34,166,Youngstown State,2016
627,46.18,167,Portland State,2016
628,46.14,168,Rhode Island,2016
629,45.42,169,Idaho State,2016
630,45.22,170,Furman,2016
631,42.71,171,Murray State,2016
632,42.51,172,Dartmouth,2016
633,42.21,173,Princeton,2016
634,41.98,174,Nicholls,2016
635,40.99,175,Southeastern Louisiana,2016
636,39.37,176,Indiana State,2016
637,38.01,177,Southern Utah,2016
638,37.73,178,Lehigh,2016
639,37.47,179,Towson,2016
640,35.65,180,Liberty,2016
641,35.3,181,Northwestern State,2016
642,34.92,182,Illinois State,2016
643,34.03,183,Chattanooga,2016
644,32.74,184,Delaware,2016
645,31.8,185,Jackson State,2016
646,30.97,186,Villanova,2016
647,29.96,187,Mercer,2016
648,29.53,188,Prairie View,2016
649,29.43,189,Cal Poly,2016
650,29.25,190,Gardner-Webb,2016
651,27.71,191,William & Mary,2016
652,27.65,192,South Carolina State,2016
653,27.34,193,Missouri State,2016
654,26.44,194,Southern,2016
655,26.02,195,Alabama State,2016
656,25.55,196,Alcorn State,2016
657,25.36,197,Stony Brook,2016
658,25.3,198,Albany,2016
659,25.15,199,Eastern Illinois,2016
660,24.82,200,North Carolina Central,2016
661,24.29,201,Charleston Southern,2016
662,24.24,202,Savannah State,2016
663,21.96,203,North Dakota,2016
664,21.06,204,Robert Morris,2016
665,20.91,205,San Diego,2016
666,20.11,206,VMI,2016
667,20.0,207,Kennesaw State,2016
668,19.96,208,Georgetown,2016
669,19.92,209,Delaware State,2016
670,19.13,210,Bucknell,2016
671,19.12,211,Fordham,2016
672,18.82,213,Holy Cross,2016
673,17.72,215,Presbyterian College,2016
674,16.68,216,Norfolk State,2016
675,16.63,217,Southern Illinois,2016
676,15.61,218,Hampton,2016
677,15.61,219,Elon,2016
678,15.51,220,Morehead State,2016
679,15.51,221,Colgate,2016
680,14.63,222,New Hampshire,2016
681,14.61,223,North Carolina A&T,2016
682,14.44,224,Lafayette,2016
683,12.5,231,Sacred Heart,2016
684,12.21,232,Cornell,2016
685,11.94,233,UT Martin,2016
686,11.29,234,Western Illinois,2016
687,10.69,236,Brown,2016
688,9.95,239,Houston Christian,2016
689,8.82,241,Monmouth,2016
690,8.42,242,Alabama A&M,2016
691,7.67,243,The Citadel,2016
692,6.67,244,Campbell,2016
693,6.67,246,Morgan State,2016
694,6.67,248,Texas Southern,2016
695,6.67,256,Central Connecticut,2016
696,5.31,259,Drake,2016
697,0.0,261,Wagner,2016
698,-0.03,285,Howard,2016
699,-0.11,286,Maine,2016
700,323.87,1,Alabama,2017
701,312.14,2,Ohio State,2017
702,301.6,3,Georgia,2017
703,297.1,4,USC,2017
704,296.03,5,Michigan,2017
705,292.88,6,Florida State,2017
706,287.66,7,LSU,2017
707,270.79,8,Oklahoma,2017
708,255.92,9,Auburn,2017
709,251.32,10,Notre Dame,2017
710,251.23,11,Florida,2017
711,248.67,12,Miami,2017
712,248.58,13,Texas A&M,2017
713,246.79,14,Stanford,2017
714,240.47,15,Penn State,2017
715,238.91,16,Clemson,2017
716,237.21,17,Tennessee,2017
717,230.17,18,Maryland,2017
718,230.04,19,Oregon,2017
719,229.13,20,UCLA,2017
720,227.58,21,South Carolina,2017
721,224.74,22,Washington,2017
722,224.33,23,Nebraska,2017
723,220.22,24,Mississippi State,2017
724,217.76,25,Texas,2017
725,217.74,26,Virginia Tech,2017
726,212.74,27,Arkansas,2017
727,210.03,28,TCU,2017
728,207.81,29,North Carolina,2017
729,207.73,30,Kentucky,2017
730,207.63,31,Ole Miss,2017
731,206.68,32,Arizona State,2017
732,205.78,33,Utah,2017
733,205.15,34,Louisville,2017
734,203.78,35,Colorado,2017
735,203.65,36,Michigan State,2017
736,202.12,37,Pittsburgh,2017
737,194.18,38,Oklahoma State,2017
738,193.87,39,Wisconsin,2017
739,193.36,40,Baylor,2017
740,191.44,41,Iowa,2017
741,189.01,42,Rutgers,2017
742,187.71,43,Missouri,2017
743,186.45,44,Washington State,2017
744,185.88,45,Arizona,2017
745,185.24,46,Illinois,2017
746,184.46,47,Duke,2017
747,184.4,48,Georgia Tech,2017
748,183.07,49,Texas Tech,2017
749,182.07,50,Northwestern,2017
750,181.32,51,Oregon State,2017
751,180.53,52,Iowa State,2017
752,180.46,53,NC State,2017
753,180.08,54,Syracuse,2017
754,178.34,55,UCF,2017
755,177.6,56,Memphis,2017
756,174.68,57,West Virginia,2017
757,172.5,58,Virginia,2017
758,171.42,59,Minnesota,2017
759,171.18,60,Florida Atlantic,2017
760,169.37,61,Kansas State,2017
761,167.99,62,Indiana,2017
762,167.8,63,Cincinnati,2017
763,167.43,64,Boise State,2017
764,167.42,65,Vanderbilt,2017
765,167.37,66,BYU,2017
766,162.61,67,Boston College,2017
767,161.99,68,Wake Forest,2017
768,160.34,69,Houston,2017
769,159.53,70,California,2017
770,159.35,71,Kansas,2017
771,158.89,72,Purdue,2017
772,158.09,73,Colorado State,2017
773,152.71,74,Southern Mississippi,2017
774,151.48,75,UT San Antonio,2017
775,150.65,76,South Florida,2017
776,149.69,77,San Diego State,2017
777,146.6,78,Toledo,2017
778,144.55,79,East Carolina,2017
779,140.4,80,SMU,2017
780,138.14,81,Bowling Green,2017
781,138.03,82,Western Kentucky,2017
782,137.75,83,Florida International,2017
783,137.74,84,Fresno State,2017
784,135.07,85,Tulsa,2017
785,133.96,86,Hawai'i,2017
786,132.84,87,Marshall,2017
787,131.73,88,Navy,2017
788,129.94,89,Western Michigan,2017
789,128.8,90,Ball State,2017
790,128.1,91,Middle Tennessee,2017
791,127.89,92,Texas State,2017
792,127.4,93,Central Michigan,2017
793,126.73,94,Miami (OH),2017
794,125.03,95,Nevada,2017
795,123.9,96,Troy,2017
796,122.74,97,Northern Illinois,2017
797,122.11,98,San José State,2017
798,122.05,99,Wyoming,2017
799,121.72,100,Louisiana Tech,2017
800,121.64,101,Connecticut,2017
801,121.55,102,Louisiana Monroe,2017
802,120.83,103,Ohio,2017
803,120.0,104,Utah State,2017
804,119.23,105,Georgia State,2017
805,118.78,106,Georgia Southern,2017
806,116.78,107,Appalachian State,2017
807,115.95,108,UAB,2017
808,115.88,109,Air Force,2017
809,115.82,110,UMass,2017
810,114.91,111,Arkansas State,2017
811,114.66,112,Tulane,2017
812,112.97,113,Buffalo,2017
813,111.82,114,Charlotte,2017
814,111.16,115,North Texas,2017
815,110.24,116,South Alabama,2017
816,109.9,117,UNLV,2017
817,109.85,118,New Mexico,2017
818,108.13,119,Temple,2017
819,106.37,120,Army,2017
820,104.33,121,Louisiana,2017
821,101.12,122,Rice,2017
822,100.97,123,Eastern Michigan,2017
823,99.41,124,Old Dominion,2017
824,99.16,125,Harvard,2017
825,96.51,126,Coastal Carolina,2017
826,95.54,127,Yale,2017
827,94.88,128,Kent State,2017
828,94.57,129,New Mexico State,2017
829,92.82,130,Eastern Washington,2017
830,88.91,131,Akron,2017
831,88.84,132,Austin Peay,2017
832,85.51,133,UTEP,2017
833,83.36,134,Idaho,2017
834,82.65,135,North Dakota State,2017
835,79.98,136,Grand Valley State,2017
836,79.79,137,Southern Illinois,2017
837,79.49,138,Mercer,2017
838,79.22,139,Pennsylvania,2017
839,77.63,140,Northern Arizona,2017
840,73.85,141,Villanova,2017
841,73.32,142,Eastern Kentucky,2017
842,71.96,143,Montana State,2017
843,70.87,144,South Dakota State,2017
844,69.78,145,Sam Houston State,2017
845,69.54,146,South Dakota,2017
846,67.71,147,James Madison,2017
847,66.06,148,Jacksonville State,2017
848,64.24,149,Weber State,2017
849,60.61,151,Chattanooga,2017
850,58.54,152,Delaware,2017
851,56.96,153,Stephen F. Austin,2017
852,56.45,154,Southern Utah,2017
853,56.04,155,Princeton,2017
854,54.55,156,Illinois State,2017
855,54.27,157,UC Davis,2017
856,53.96,158,North Dakota,2017
857,51.96,159,Stony Brook,2017
858,51.87,160,Kennesaw State,2017
859,51.76,161,Texas Southern,2017
860,49.86,162,Savannah State,2017
861,49.44,163,UT Martin,2017
862,48.96,164,Montana,2017
863,47.94,165,Northern Colorado,2017
864,47.23,166,Lamar,2017
865,43.63,167,Columbia,2017
866,40.88,168,Monmouth,2017
867,40.82,169,Tennessee State,2017
868,40.25,170,Lafayette,2017
869,40.17,171,Liberty,2017
870,39.61,172,William & Mary,2017
871,37.83,173,Portland State,2017
872,37.71,174,Brown,2017
873,36.02,176,Western Illinois,2017
874,35.05,177,Dartmouth,2017
875,34.26,178,Houston Christian,2017
876,33.67,179,Southeast Missouri State,2017
877,33.37,180,Prairie View,2017
878,32.15,181,Cornell,2017
879,32.02,182,Missouri State,2017
880,31.33,183,Sacramento State,2017
881,31.02,184,McNeese,2017
882,30.54,185,Holy Cross,2017
883,30.13,186,Tennessee Tech,2017
884,29.98,187,The Citadel,2017
885,28.73,188,Jackson State,2017
886,28.39,189,Western Carolina,2017
887,27.81,190,East Tennessee State,2017
888,27.75,191,Howard,2017
889,26.77,192,Northern Iowa,2017
890,26.67,193,North Carolina Central,2017
891,25.22,195,Alcorn State,2017
892,24.95,196,Fordham,2017
893,24.61,197,Indiana State,2017
894,24.26,198,Lehigh,2017
895,24.07,199,Youngstown State,2017
896,22.7,200,Richmond,2017
897,21.83,201,Alabama A&M,2017
898,21.78,202,Northwestern State,2017
899,21.72,203,Samford,2017
900,20.4,204,Albany,2017
901,18.5,205,Towson,2017
902,18.09,206,Florida A&M,2017
903,17.5,207,Wofford,2017
904,15.74,209,Morgan State,2017
905,15.53,210,Charleston Southern,2017
906,15.21,211,Stetson,2017
907,14.94,212,St Francis (PA),2017
908,14.46,213,Cal Poly,2017
909,13.6,215,New Hampshire,2017
910,12.97,218,Southern,2017
911,12.6,219,Furman,2017
912,11.65,221,Delaware State,2017
913,11.39,222,Campbell,2017
914,10.99,223,Murray State,2017
915,10.68,224,Dayton,2017
916,10.24,226,Maine,2017
917,10.05,227,Colgate,2017
918,9.98,228,South Carolina State,2017
919,9.03,232,Southeastern Louisiana,2017
920,8.17,234,Idaho State,2017
921,7.76,235,Bethune-Cookman,2017
922,7.63,236,Central Arkansas,2017
923,6.81,238,VMI,2017
924,6.67,242,Eastern Illinois,2017
925,6.67,243,Marist,2017
926,6.67,245,Elon,2017
927,6.67,246,San Diego,2017
928,6.67,249,Nicholls,2017
929,5.92,251,Sacred Heart,2017
930,5.81,252,Morehead State,2017
931,2.97,256,North Carolina A&T,2017
932,1.97,257,Gardner-Webb,2017
933,323.31,1,Georgia,2018
934,317.06,2,Ohio State,2018
935,300.06,3,Texas,2018
936,291.2,4,USC,2018
937,289.94,5,Alabama,2018
938,285.92,6,Penn State,2018
939,283.67,7,Clemson,2018
940,280.87,8,Miami,2018
941,276.62,9,Oklahoma,2018
942,268.86,10,Notre Dame,2018
943,265.42,11,Florida State,2018
944,262.77,12,Auburn,2018
945,260.22,13,Oregon,2018
946,259.56,14,Florida,2018
947,254.38,15,LSU,2018
948,253.23,16,Washington,2018
949,251.2,17,Texas A&M,2018
950,242.04,18,South Carolina,2018
951,237.77,19,UCLA,2018
952,232.27,20,North Carolina,2018
953,231.34,21,Tennessee,2018
954,230.56,22,Michigan,2018
955,227.95,23,Nebraska,2018
956,226.01,24,Virginia Tech,2018
957,224.13,25,TCU,2018
958,220.57,26,NC State,2018
959,218.47,27,Mississippi State,2018
960,218.34,28,Maryland,2018
961,215.02,29,Baylor,2018
962,213.58,30,Louisville,2018
963,212.21,31,Michigan State,2018
964,211.49,32,Ole Miss,2018
965,209.95,33,Utah,2018
966,209.93,34,Oklahoma State,2018
967,208.32,35,West Virginia,2018
968,207.26,36,Arizona State,2018
969,206.91,37,Kentucky,2018
970,206.66,38,Minnesota,2018
971,203.34,39,Iowa,2018
972,202.29,40,Stanford,2018
973,202.04,41,Vanderbilt,2018
974,197.41,42,California,2018
975,197.38,43,Missouri,2018
976,196.94,44,Georgia Tech,2018
977,195.04,45,Wisconsin,2018
978,194.84,46,Washington State,2018
979,193.19,47,Pittsburgh,2018
980,192.64,48,Cincinnati,2018
981,192.11,49,Arkansas,2018
982,190.77,50,Indiana,2018
983,189.14,51,Syracuse,2018
984,188.31,52,Purdue,2018
985,187.11,53,Colorado,2018
986,185.83,54,Illinois,2018
987,185.19,55,Iowa State,2018
988,184.28,56,Rutgers,2018
989,183.46,57,Boise State,2018
990,180.18,58,Northwestern,2018
991,178.6,59,Virginia,2018
992,178.59,60,Kansas,2018
993,178.03,61,Arizona,2018
994,177.05,62,UCF,2018
995,176.85,63,Duke,2018
996,176.31,64,Wake Forest,2018
997,176.25,65,South Florida,2018
998,175.65,66,Kansas State,2018
999,174.0,67,Toledo,2018
1000,173.75,68,Tulane,2018
1001,173.58,69,Florida International,2018
1002,173.14,70,Oregon State,2018
1003,172.47,71,Boston College,2018
1004,169.87,72,Texas Tech,2018
1005,166.86,73,Houston,2018
1006,165.85,74,Marshall,2018
1007,163.9,75,Florida Atlantic,2018
1008,163.69,76,Western Michigan,2018
1009,162.18,77,Louisiana Tech,2018
1010,160.52,78,BYU,2018
1011,159.56,79,San Diego State,2018
1012,157.89,80,Southern Mississippi,2018
1013,157.28,81,Memphis,2018
1014,155.96,82,Nevada,2018
1015,155.39,83,Temple,2018
1016,154.77,84,Western Kentucky,2018
1017,152.98,85,UT San Antonio,2018
1018,152.79,86,Colorado State,2018
1019,151.67,87,SMU,2018
1020,148.03,88,Arkansas State,2018
1021,147.43,89,East Carolina,2018
1022,146.64,90,Georgia Southern,2018
1023,144.03,91,Bowling Green,2018
1024,141.73,92,Fresno State,2018
1025,141.69,93,Northern Illinois,2018
1026,140.86,94,San José State,2018
1027,140.45,95,Georgia State,2018
1028,138.46,96,Hawai'i,2018
1029,137.25,97,Tulsa,2018
1030,136.65,98,Troy,2018
1031,131.08,99,UNLV,2018
1032,127.72,100,Kent State,2018
1033,127.14,101,North Texas,2018
1034,125.87,102,Connecticut,2018
1035,125.49,103,UAB,2018
1036,125.31,104,Middle Tennessee,2018
1037,124.91,105,Louisiana,2018
1038,124.71,106,Navy,2018
1039,124.24,107,Texas State,2018
1040,123.66,108,UMass,2018
1041,123.61,109,Utah State,2018
1042,121.54,110,Eastern Michigan,2018
1043,120.43,111,Charlotte,2018
1044,120.42,112,Rice,2018
1045,120.2,113,Appalachian State,2018
1046,120.13,114,Coastal Carolina,2018
1047,120.03,115,South Alabama,2018
1048,119.03,116,Princeton,2018
1049,118.69,117,Army,2018
1050,116.57,118,Louisiana Monroe,2018
1051,115.57,119,Ball State,2018
1052,111.22,120,Central Michigan,2018
1053,110.94,121,Ohio,2018
1054,110.51,122,Air Force,2018
1055,110.5,123,Yale,2018
1056,110.31,124,New Mexico,2018
1057,109.3,125,New Mexico State,2018
1058,109.14,126,Wyoming,2018
1059,108.81,127,Akron,2018
1060,108.27,128,Old Dominion,2018
1061,105.24,129,UTEP,2018
1062,103.16,130,Miami (OH),2018
1063,95.13,131,Montana State,2018
1064,90.2,132,Idaho,2018
1065,88.36,133,Austin Peay,2018
1066,86.92,134,North Dakota State,2018
1067,82.06,135,Harvard,2018
1068,81.31,136,Buffalo,2018
1069,80.33,137,Liberty,2018
1070,80.23,138,Mercer,2018
1071,80.04,139,Chattanooga,2018
1072,75.03,140,Eastern Washington,2018
1073,73.04,141,Eastern Kentucky,2018
1074,72.9,142,Jacksonville State,2018
1075,69.52,143,Southern Illinois,2018
1076,60.57,144,Tennessee Tech,2018
1077,58.52,145,UT Martin,2018
1078,57.03,146,Pennsylvania,2018
1079,52.74,147,Kennesaw State,2018
1080,50.86,148,Stephen F. Austin,2018
1081,44.91,149,Grambling,2018
1082,44.53,150,Southern Utah,2018
1083,42.38,151,Columbia,2018
1084,41.65,152,Lamar,2018
1085,39.09,153,UC Davis,2018
1086,38.0,154,Alcorn State,2018
1087,37.36,155,Central Arkansas,2018
1088,34.71,156,Howard,2018
1089,34.68,157,Tennessee State,2018
1090,34.46,158,Furman,2018
1091,33.19,159,Sacramento State,2018
1092,31.5,160,Weber State,2018
1093,31.48,161,Stony Brook,2018
1094,30.84,162,Montana,2018
1095,30.7,163,Illinois State,2018
1096,30.23,164,North Dakota,2018
1097,28.54,165,Western Carolina,2018
1098,28.3,166,Murray State,2018
1099,27.25,168,Fordham,2018
1100,27.19,169,Grand Valley State,2018
1101,26.73,171,James Madison,2018
1102,25.43,172,Dartmouth,2018
1103,25.16,173,Sam Houston State,2018
1104,25.11,174,Youngstown State,2018
1105,24.53,175,The Citadel,2018
1106,24.06,176,Houston Christian,2018
1107,23.2,177,Gardner-Webb,2018
1108,22.85,178,Prairie View,2018
1109,21.73,179,Idaho State,2018
1110,20.12,180,Lafayette,2018
1111,19.08,182,Sacred Heart,2018
1112,17.93,183,Missouri State,2018
1113,17.69,184,South Dakota,2018
1114,17.51,185,Campbell,2018
1115,16.91,186,Western Illinois,2018
1116,16.91,187,Villanova,2018
1117,16.91,188,Bethune-Cookman,2018
1118,16.88,189,Northern Iowa,2018
1119,16.74,190,Portland State,2018
1120,16.59,191,Duquesne,2018
1121,16.3,192,Texas Southern,2018
1122,16.26,193,Holy Cross,2018
1123,15.57,194,Alabama State,2018
1124,15.4,195,Samford,2018
1125,15.0,196,Charleston Southern,2018
1126,14.69,197,Northwestern State,2018
1127,14.61,198,Northern Arizona,2018
1128,14.46,199,McNeese,2018
1129,14.16,200,North Carolina A&T,2018
1130,12.15,203,Rhode Island,2018
1131,11.91,204,Lehigh,2018
1132,11.15,206,Elon,2018
1133,11.15,207,Butler,2018
1134,11.15,208,William & Mary,2018
1135,11.11,209,Southeastern Louisiana,2018
1136,10.92,210,Towson,2018
1137,10.04,211,Savannah State,2018
1138,9.53,213,Mississippi Valley State,2018
1139,9.03,214,Florida A&M,2018
1140,8.95,215,Morgan State,2018
1141,8.91,217,Wofford,2018
1142,8.89,218,Jacksonville,2018
1143,8.53,219,East Tennessee State,2018
1144,8.42,221,Richmond,2018
1145,8.02,222,Southeast Missouri State,2018
1146,7.98,223,Monmouth,2018
1147,7.98,224,New Hampshire,2018
1148,7.98,225,Delaware,2018
1149,7.98,226,Alabama A&M,2018
1150,7.98,227,VMI,2018
1151,6.98,229,Colgate,2018
1152,6.41,232,Brown,2018
1153,5.97,233,Cal Poly,2018
1154,5.8,235,Morehead State,2018
1155,4.97,237,South Dakota State,2018
1156,4.97,238,Wagner,2018
1157,4.93,239,Indiana State,2018
1158,3.97,240,Eastern Illinois,2018
1159,3.97,241,South Carolina State,2018
1160,0.97,245,Drake,2018
1161,-0.04,278,Cornell,2018
1162,317.5,1,Alabama,2019
1163,309.12,2,Georgia,2019
1164,287.69,3,Texas,2019
1165,285.46,4,Texas A&M,2019
1166,284.06,5,LSU,2019
1167,279.28,6,Oklahoma,2019
1168,277.98,7,Oregon,2019
1169,277.15,8,Michigan,2019
1170,276.85,9,Florida,2019
1171,275.55,10,Clemson,2019
1172,271.94,11,Auburn,2019
1173,270.67,12,Penn State,2019
1174,269.07,13,Tennessee,2019
1175,261.18,14,Ohio State,2019
1176,259.19,15,Washington,2019
1177,258.56,16,Notre Dame,2019
1178,247.26,17,South Carolina,2019
1179,245.1,18,Nebraska,2019
1180,244.31,19,Florida State,2019
1181,243.51,20,USC,2019
1182,242.58,21,Stanford,2019
1183,238.11,22,Ole Miss,2019
1184,237.17,23,Arkansas,2019
1185,236.6,24,Mississippi State,2019
1186,224.72,25,Purdue,2019
1187,224.01,26,Virginia Tech,2019
1188,222.07,27,Miami,2019
1189,219.76,28,Arizona State,2019
1190,219.51,29,Wisconsin,2019
1191,218.57,30,North Carolina,2019
1192,217.29,31,NC State,2019
1193,215.21,32,Michigan State,2019
1194,210.62,33,TCU,2019
1195,203.49,34,Kentucky,2019
1196,203.39,35,Baylor,2019
1197,202.63,36,Indiana,2019
1198,202.13,37,Missouri,2019
1199,202.09,38,Oklahoma State,2019
1200,200.89,39,Virginia,2019
1201,199.61,40,UCLA,2019
1202,199.36,41,Iowa,2019
1203,196.61,42,Utah,2019
1204,196.48,43,California,2019
1205,194.55,44,Colorado,2019
1206,194.48,45,Minnesota,2019
1207,192.25,46,Iowa State,2019
1208,192.18,47,Maryland,2019
1209,191.83,48,West Virginia,2019
1210,191.38,49,Duke,2019
1211,189.93,50,Boise State,2019
1212,188.28,51,Georgia Tech,2019
1213,188.14,52,Northwestern,2019
1214,184.37,53,Illinois,2019
1215,182.67,54,Arizona,2019
1216,182.67,55,Syracuse,2019
1217,182.42,56,Vanderbilt,2019
1218,182.26,57,Wake Forest,2019
1219,181.53,58,Pittsburgh,2019
1220,179.69,59,UCF,2019
1221,178.99,60,Florida Atlantic,2019
1222,177.69,61,Texas Tech,2019
1223,177.4,62,Kansas State,2019
1224,177.26,63,Boston College,2019
1225,174.33,64,Rutgers,2019
1226,174.14,65,Washington State,2019
1227,172.88,66,Oregon State,2019
1228,172.4,67,Memphis,2019
1229,167.28,68,SMU,2019
1230,165.93,69,Louisville,2019
1231,165.84,70,Kansas,2019
1232,165.42,71,Marshall,2019
1233,165.39,72,Houston,2019
1234,162.01,73,Toledo,2019
1235,160.48,74,UAB,2019
1236,158.78,75,North Texas,2019
1237,158.45,76,Louisiana,2019
1238,158.44,77,South Florida,2019
1239,158.4,78,East Carolina,2019
1240,158.17,79,Cincinnati,2019
1241,157.59,80,Troy,2019
1242,156.76,81,BYU,2019
1243,156.39,82,Southern Mississippi,2019
1244,155.46,83,Louisiana Tech,2019
1245,155.22,84,Colorado State,2019
1246,154.43,85,Middle Tennessee,2019
1247,153.89,86,Western Kentucky,2019
1248,153.5,87,Fresno State,2019
1249,152.57,88,Florida International,2019
1250,151.13,89,Miami (OH),2019
1251,149.92,90,Utah State,2019
1252,149.19,91,San Diego State,2019
1253,148.7,92,Western Michigan,2019
1254,145.27,93,Nevada,2019
1255,144.82,94,Tulane,2019
1256,143.36,95,Arkansas State,2019
1257,142.31,96,UT San Antonio,2019
1258,140.75,97,Wyoming,2019
1259,140.37,98,Georgia State,2019
1260,139.75,99,Army,2019
1261,139.57,100,UNLV,2019
1262,139.0,101,Appalachian State,2019
1263,138.12,102,Kent State,2019
1264,138.11,103,Ohio,2019
1265,137.96,104,Central Michigan,2019
1266,136.56,105,Temple,2019
1267,134.64,106,Buffalo,2019
1268,134.5,107,Air Force,2019
1269,134.16,108,Northern Illinois,2019
1270,133.88,109,Tulsa,2019
1271,132.85,110,Portland State,2019
1272,132.03,111,Rice,2019
1273,131.98,112,UTEP,2019
1274,130.79,113,UMass,2019
1275,130.23,114,Akron,2019
1276,129.53,115,Hawai'i,2019
1277,128.31,116,Old Dominion,2019
1278,127.68,117,Connecticut,2019
1279,127.53,118,San José State,2019
1280,126.28,119,New Mexico,2019
1281,125.55,120,New Mexico State,2019
1282,125.24,121,Georgia Southern,2019
1283,125.06,122,Coastal Carolina,2019
1284,124.99,123,Eastern Michigan,2019
1285,124.39,124,Navy,2019
1286,122.89,125,Ball State,2019
1287,122.8,126,South Alabama,2019
1288,121.09,127,Harvard,2019
1289,119.38,128,Louisiana Monroe,2019
1290,115.37,129,Bowling Green,2019
1291,115.29,130,Princeton,2019
1292,113.58,131,Stephen F. Austin,2019
1293,112.69,132,Charlotte,2019
1294,111.1,133,Texas State,2019
1295,110.17,134,Yale,2019
1296,108.39,135,Liberty,2019
1297,106.84,136,Central Arkansas,2019
1298,99.19,137,Idaho,2019
1299,94.76,138,Eastern Washington,2019
1300,92.53,139,Mercer,2019
1301,90.32,140,Eastern Kentucky,2019
1302,90.14,141,UC Davis,2019
1303,86.93,142,North Dakota State,2019
1304,84.4,144,Northern Arizona,2019
1305,79.23,145,Jacksonville State,2019
1306,72.23,146,Idaho State,2019
1307,70.12,147,James Madison,2019
1308,69.85,148,Montana,2019
1309,69.17,149,Illinois State,2019
1310,69.12,150,Kennesaw State,2019
1311,66.92,151,Montana State,2019
1312,65.38,152,Western Carolina,2019
1313,62.42,153,Northern Iowa,2019
1314,58.28,155,Southern Utah,2019
1315,56.43,156,Texas Southern,2019
1316,55.08,157,UT Martin,2019
1317,54.99,158,Pennsylvania,2019
1318,54.92,159,Murray State,2019
1319,54.85,160,Dartmouth,2019
1320,51.84,161,Holy Cross,2019
1321,51.2,162,Southern,2019
1322,48.49,163,Sam Houston State,2019
1323,47.53,164,Houston Christian,2019
1324,46.22,165,Austin Peay,2019
1325,45.58,166,Georgetown,2019
1326,43.12,168,Howard,2019
1327,41.63,169,Grand Valley State,2019
1328,39.93,170,McNeese,2019
1329,39.26,171,Weber State,2019
1330,37.39,173,Eastern Illinois,2019
1331,35.77,175,Lamar,2019
1332,35.61,176,Delaware,2019
1333,35.42,177,Richmond,2019
1334,34.93,178,Chattanooga,2019
1335,34.79,179,Cal Poly,2019
1336,34.69,180,Furman,2019
1337,33.85,181,Nicholls,2019
1338,33.09,183,Tennessee State,2019
1339,32.91,184,East Tennessee State,2019
1340,32.54,185,New Hampshire,2019
1341,32.49,186,Fordham,2019
1342,32.33,187,Indiana State,2019
1343,31.01,188,Morgan State,2019
1344,30.97,189,Villanova,2019
1345,30.95,190,Wofford,2019
1346,30.85,191,Prairie View,2019
1347,30.71,192,Southeastern Louisiana,2019
1348,29.38,193,Sacramento State,2019
1349,29.2,194,Southern Illinois,2019
1350,27.5,196,North Dakota,2019
1351,27.42,197,Northern Colorado,2019
1352,27.37,198,San Diego,2019
1353,24.99,199,North Carolina Central,2019
1354,24.59,200,South Dakota,2019
1355,24.44,201,Southeast Missouri State,2019
1356,24.3,202,Stony Brook,2019
1357,22.07,205,Maine,2019
1358,21.58,206,Alcorn State,2019
1359,21.02,207,Missouri State,2019
1360,20.03,210,Rhode Island,2019
1361,19.69,211,North Carolina A&T,2019
1362,19.61,212,Northwestern State,2019
1363,18.9,213,Samford,2019
1364,17.82,214,South Dakota State,2019
1365,17.36,216,The Citadel,2019
1366,16.4,218,Arkansas-Pine Bluff,2019
1367,16.08,220,Elon,2019
1368,15.95,221,William & Mary,2019
1369,14.96,222,Bucknell,2019
1370,13.33,225,Youngstown State,2019
1371,13.03,226,Colgate,2019
1372,11.98,228,Monmouth,2019
1373,11.61,229,Alabama A&M,2019
1374,11.54,230,Bethune-Cookman,2019
1375,11.0,231,Hampton,2019
1376,10.64,232,Grambling,2019
1377,9.93,234,Florida A&M,2019
1378,9.03,235,Charleston Southern,2019
1379,8.92,236,Albany,2019
1380,8.42,237,Lafayette,2019
1381,7.97,238,Alabama State,2019
1382,7.52,240,Duquesne,2019
1383,6.3,241,Gardner-Webb,2019
1384,4.96,247,Tennessee Tech,2019
1385,313.34,1,Georgia,2020
1386,310.44,2,Alabama,2020
1387,309.73,3,Clemson,2020
1388,300.54,4,LSU,2020
1389,295.08,5,Ohio State,2020
1390,289.49,6,Texas A&M,2020
1391,274.6,7,Auburn,2020
1392,272.99,8,Florida,2020
1393,270.93,9,Texas,2020
1394,261.5,10,Tennessee,2020
1395,259.6,11,Oklahoma,2020
1396,259.49,12,Oregon,2020
1397,256.71,13,Miami,2020
1398,256.34,14,Michigan,2020
1399,256.05,15,Penn State,2020
1400,252.35,16,Washington,2020
1401,251.45,17,Notre Dame,2020
1402,250.12,18,South Carolina,2020
1403,246.65,19,North Carolina,2020
1404,240.27,20,Nebraska,2020
1405,238.62,21,Stanford,2020
1406,238.41,22,Florida State,2020
1407,229.87,23,Kentucky,2020
1408,229.47,24,Arizona State,2020
1409,225.54,25,Wisconsin,2020
1410,222.73,26,Georgia Tech,2020
1411,220.24,27,Mississippi State,2020
1412,215.88,28,TCU,2020
1413,212.32,29,Utah,2020
1414,212.16,30,Arkansas,2020
1415,209.67,31,Maryland,2020
1416,208.42,32,UCLA,2020
1417,208.38,33,Purdue,2020
1418,204.07,34,Ole Miss,2020
1419,203.81,35,Iowa,2020
1420,203.17,36,Colorado,2020
1421,199.77,37,West Virginia,2020
1422,199.35,38,Minnesota,2020
1423,198.0,39,California,2020
1424,194.95,40,Cincinnati,2020
1425,194.78,41,NC State,2020
1426,194.46,42,Louisville,2020
1427,193.32,43,Michigan State,2020
1428,192.65,44,Pittsburgh,2020
1429,192.35,45,Oklahoma State,2020
1430,190.9,46,Iowa State,2020
1431,190.69,47,Northwestern,2020
1432,185.57,48,Virginia,2020
1433,183.17,49,Texas Tech,2020
1434,182.85,50,Missouri,2020
1435,182.46,51,Kansas State,2020
1436,182.21,52,Vanderbilt,2020
1437,182.12,53,Oregon State,2020
1438,181.12,54,Baylor,2020
1439,181.01,55,USC,2020
1440,179.28,56,Washington State,2020
1441,178.97,57,Kansas,2020
1442,177.39,58,Indiana,2020
1443,175.88,59,Syracuse,2020
1444,173.82,60,Wake Forest,2020
1445,171.72,61,Duke,2020
1446,170.89,62,Arizona,2020
1447,170.36,63,Boston College,2020
1448,170.14,64,Rutgers,2020
1449,167.92,65,Boise State,2020
1450,165.84,66,Tulane,2020
1451,165.67,67,Memphis,2020
1452,164.56,68,North Texas,2020
1453,164.2,69,Toledo,2020
1454,163.06,70,East Carolina,2020
1455,162.97,71,UCF,2020
1456,162.89,72,Virginia Tech,2020
1457,162.51,73,Florida Atlantic,2020
1458,162.27,74,Florida International,2020
1459,162.08,75,Louisiana Tech,2020
1460,161.52,76,Southern Mississippi,2020
1461,160.84,77,UNLV,2020
1462,159.91,78,BYU,2020
1463,158.34,79,Louisiana,2020
1464,157.37,80,Western Kentucky,2020
1465,156.95,81,SMU,2020
1466,155.32,82,Houston,2020
1467,154.59,83,Appalachian State,2020
1468,154.47,84,Troy,2020
1469,154.4,85,Bowling Green,2020
1470,153.11,86,Western Michigan,2020
1471,152.9,87,Illinois,2020
1472,152.55,88,Charlotte,2020
1473,150.61,89,Miami (OH),2020
1474,150.6,90,Middle Tennessee,2020
1475,149.69,91,Northern Illinois,2020
1476,148.75,92,Arkansas State,2020
1477,147.7,93,Rice,2020
1478,146.75,94,Old Dominion,2020
1479,146.5,95,Liberty,2020
1480,146.14,96,Marshall,2020
1481,145.3,97,Temple,2020
1482,145.22,98,Georgia Southern,2020
1483,145.19,99,Texas State,2020
1484,145.02,100,UMass,2020
1485,142.97,101,South Florida,2020
1486,142.8,102,Colorado State,2020
1487,142.57,103,UAB,2020
1488,142.57,104,San Diego State,2020
1489,142.53,105,UT San Antonio,2020
1490,142.34,106,New Mexico,2020
1491,142.11,107,Air Force,2020
1492,141.52,108,Kent State,2020
1493,140.54,109,South Alabama,2020
1494,140.52,110,Georgia State,2020
1495,139.43,111,Army,2020
1496,138.25,112,Tulsa,2020
1497,138.13,113,Wyoming,2020
1498,137.42,114,San José State,2020
1499,136.77,115,Eastern Michigan,2020
1500,136.61,116,Coastal Carolina,2020
1501,134.5,117,Utah State,2020
1502,134.27,118,Connecticut,2020
1503,132.46,119,Nevada,2020
1504,132.3,120,Louisiana Monroe,2020
1505,131.51,121,Fresno State,2020
1506,131.5,122,Ball State,2020
1507,130.86,123,Central Michigan,2020
1508,129.51,124,Princeton,2020
1509,129.48,125,Akron,2020
1510,128.76,126,Navy,2020
1511,124.35,127,Hawai'i,2020
1512,117.96,128,Eastern Washington,2020
1513,116.96,129,Ohio,2020
1514,114.94,130,Buffalo,2020
1515,114.47,131,UTEP,2020
1516,108.54,132,New Mexico State,2020
1517,101.69,133,Montana State,2020
1518,96.43,134,Idaho,2020
1519,94.88,135,Cal Poly,2020
1520,93.33,136,UC Davis,2020
1521,89.88,137,Sacramento State,2020
1522,86.06,139,Northern Arizona,2020
1523,77.67,140,Harvard,2020
1524,77.43,141,North Dakota State,2020
1525,77.21,142,Stephen F. Austin,2020
1526,69.37,145,Villanova,2020
1527,69.28,146,Northern Iowa,2020
1528,66.61,147,Yale,2020
1529,64.97,148,Dartmouth,2020
1530,62.05,149,Columbia,2020
1531,61.89,150,Central Arkansas,2020
1532,60.5,151,Eastern Kentucky,2020
1533,57.83,152,Rhode Island,2020
1534,56.34,153,Illinois State,2020
1535,55.15,154,Kennesaw State,2020
1536,51.3,155,Montana,2020
1537,50.08,157,Pennsylvania,2020
1538,43.15,158,Furman,2020
1539,42.77,159,Eastern Illinois,2020
1540,41.99,161,Portland State,2020
1541,41.97,162,Holy Cross,2020
1542,40.93,163,Georgetown,2020
1543,39.43,164,Missouri State,2020
1544,39.12,165,Idaho State,2020
1545,36.99,166,Elon,2020
1546,36.46,167,Northern Colorado,2020
1547,35.94,168,East Tennessee State,2020
1548,35.08,170,James Madison,2020
1549,34.64,172,Davidson,2020
1550,34.04,173,Southeastern Louisiana,2020
1551,32.21,175,Tennessee State,2020
1552,29.87,176,South Dakota,2020
1553,29.45,177,Western Carolina,2020
1554,28.8,179,Mercer,2020
1555,28.57,180,Brown,2020
1556,27.65,182,San Diego,2020
1557,27.25,183,Youngstown State,2020
1558,26.54,184,Sam Houston State,2020
1559,24.03,186,UT Martin,2020
1560,23.72,188,Western Illinois,2020
1561,22.89,190,Hampton,2020
1562,22.7,192,Stony Brook,2020
1563,22.25,193,Grambling,2020
1564,22.07,194,South Dakota State,2020
1565,21.45,195,Fordham,2020
1566,21.2,196,Samford,2020
1567,20.55,198,Houston Christian,2020
1568,20.1,199,Delaware,2020
1569,20.05,200,VMI,2020
1570,19.97,201,Bucknell,2020
1571,19.41,203,Wofford,2020
1572,17.16,204,Austin Peay,2020
1573,16.73,208,Indiana State,2020
1574,16.53,209,Arkansas-Pine Bluff,2020
1575,16.49,210,Jacksonville State,2020
1576,15.89,211,Cornell,2020
1577,12.79,218,North Dakota,2020
1578,12.65,219,North Carolina Central,2020
1579,12.65,220,Alcorn State,2020
1580,11.52,225,North Carolina A&T,2020
1581,10.98,228,Campbell,2020
1582,9.98,229,Richmond,2020
1583,9.91,230,Southern Illinois,2020
1584,8.98,232,Bryant,2020
1585,8.97,233,Southeast Missouri State,2020
1586,8.97,236,Texas Southern,2020
1587,6.97,239,Lehigh,2020
1588,6.97,240,Lafayette,2020
1589,6.3,242,Marist,2020
1590,4.97,245,Colgate,2020
1591,327.91,1,Alabama,2021
1592,309.49,2,Ohio State,2021
1593,294.55,3,Georgia,2021
1594,291.37,4,LSU,2021
1595,291.2,5,Clemson,2021
1596,287.38,6,Oregon,2021
1597,285.35,7,Texas A&M,2021
1598,280.72,8,USC,2021
1599,269.15,9,Notre Dame,2021
1600,268.77,10,Michigan,2021
1601,267.92,11,Oklahoma,2021
1602,263.12,12,Miami,2021
1603,261.62,13,Florida,2021
1604,253.91,14,North Carolina,2021
1605,240.8,15,Wisconsin,2021
1606,240.4,16,Tennessee,2021
1607,237.09,17,Texas,2021
1608,234.56,18,Ole Miss,2021
1609,230.29,19,Maryland,2021
1610,216.5,20,Nebraska,2021
1611,216.43,21,Penn State,2021
1612,214.97,22,Florida State,2021
1613,213.89,23,Iowa,2021
1614,213.19,24,Arkansas,2021
1615,210.6,25,Mississippi State,2021
1616,210.45,26,Pittsburgh,2021
1617,210.28,27,Missouri,2021
1618,209.2,28,California,2021
1619,206.5,29,UCLA,2021
1620,205.63,30,Auburn,2021
1621,205.33,31,Virginia,2021
1622,205.02,32,Kentucky,2021
1623,203.23,33,Utah,2021
1624,202.42,34,NC State,2021
1625,201.78,35,Washington,2021
1626,201.66,36,Boston College,2021
1627,199.4,37,Minnesota,2021
1628,198.01,38,Louisville,2021
1629,196.26,39,Oklahoma State,2021
1630,195.07,40,West Virginia,2021
1631,191.67,41,Rutgers,2021
1632,190.66,42,Cincinnati,2021
1633,190.6,43,Michigan State,2021
1634,190.18,44,Baylor,2021
1635,189.84,45,Virginia Tech,2021
1636,187.31,46,Memphis,2021
1637,186.82,47,Georgia Tech,2021
1638,185.98,48,Arizona State,2021
1639,184.46,49,Vanderbilt,2021
1640,184.3,50,Northwestern,2021
1641,183.58,51,Stanford,2021
1642,183.13,52,Kansas,2021
1643,181.61,53,SMU,2021
1644,177.78,54,Indiana,2021
1645,177.69,55,UCF,2021
1646,176.98,56,Kansas State,2021
1647,176.5,57,Syracuse,2021
1648,176.16,58,Duke,2021
1649,175.58,59,Iowa State,2021
1650,172.58,60,Washington State,2021
1651,171.83,61,TCU,2021
1652,169.98,62,San Diego State,2021
1653,167.63,63,South Florida,2021
1654,167.13,64,Texas Tech,2021
1655,167.11,65,Colorado,2021
1656,165.75,66,Wake Forest,2021
1657,163.18,67,Toledo,2021
1658,161.89,68,UNLV,2021
1659,161.14,69,Appalachian State,2021
1660,161.13,70,Boise State,2021
1661,159.77,71,BYU,2021
1662,159.72,72,Purdue,2021
1663,159.12,73,Illinois,2021
1664,159.11,74,Fresno State,2021
1665,157.25,75,Arizona,2021
1666,157.05,76,South Carolina,2021
1667,156.56,77,Tulane,2021
1668,154.8,78,UT San Antonio,2021
1669,154.78,79,Louisiana,2021
1670,153.89,80,North Texas,2021
1671,153.47,81,Houston,2021
1672,153.21,82,Florida Atlantic,2021
1673,152.13,83,Florida International,2021
1674,150.67,84,Coastal Carolina,2021
1675,147.9,85,Jackson State,2021
1676,146.32,86,Nevada,2021
1677,146.12,87,Central Michigan,2021
1678,146.03,88,Miami (OH),2021
1679,144.67,89,Colorado State,2021
1680,144.16,90,Air Force,2021
1681,142.59,91,Northern Illinois,2021
1682,141.76,92,Georgia Southern,2021
1683,141.39,93,Rice,2021
1684,140.75,94,New Mexico,2021
1685,140.07,95,Ball State,2021
1686,139.28,96,East Carolina,2021
1687,139.11,97,Western Michigan,2021
1688,137.78,98,Buffalo,2021
1689,137.6,99,Ohio,2021
1690,135.74,100,Old Dominion,2021
1691,134.83,101,Charlotte,2021
1692,134.55,102,Georgia State,2021
1693,133.73,103,Bowling Green,2021
1694,133.65,104,Troy,2021
1695,132.83,105,Temple,2021
1696,132.61,106,Arkansas State,2021
1697,131.51,107,Navy,2021
1698,131.45,108,Oregon State,2021
1699,131.27,109,Army,2021
1700,130.41,110,Wyoming,2021
1701,129.14,111,Liberty,2021
1702,128.54,112,Eastern Michigan,2021
1703,127.64,113,Louisiana Monroe,2021
1704,126.9,114,New Mexico State,2021
1705,125.11,115,Connecticut,2021
1706,123.44,116,UAB,2021
1707,121.74,117,UMass,2021
1708,119.36,118,Kent State,2021
1709,113.25,119,Akron,2021
1710,112.81,120,San José State,2021
1711,108.45,121,Louisiana Tech,2021
1712,107.68,122,South Alabama,2021
1713,107.22,123,Middle Tennessee,2021
1714,104.36,124,Southern Mississippi,2021
1715,101.55,125,Marshall,2021
1716,97.89,126,Tulsa,2021
1717,90.15,127,Hawai'i,2021
1718,80.92,128,Northern Arizona,2021
1719,70.08,129,Harvard,2021
1720,69.11,130,Princeton,2021
1721,62.42,131,Cal Poly,2021
1722,62.38,132,Idaho,2021
1723,61.37,133,Yale,2021
1724,60.62,134,UTEP,2021
1725,55.32,135,Utah State,2021
1726,49.62,136,Western Kentucky,2021
1727,48.13,138,Eastern Washington,2021
1728,47.87,139,Pennsylvania,2021
1729,46.14,140,James Madison,2021
1730,39.38,141,Lamar,2021
1731,38.9,142,North Carolina A&T,2021
1732,37.22,143,Northern Iowa,2021
1733,36.77,144,Stephen F. Austin,2021
1734,31.22,145,UC Davis,2021
1735,30.3,146,Central Arkansas,2021
1736,29.42,147,Georgetown,2021
1737,28.48,148,Samford,2021
1738,27.3,149,Howard,2021
1739,26.96,150,Morgan State,2021
1740,25.25,151,South Dakota,2021
1741,24.7,152,Montana State,2021
1742,24.64,153,Southern Utah,2021
1743,24.49,154,Grambling,2021
1744,24.23,155,Austin Peay,2021
1745,21.96,156,Tennessee Tech,2021
1746,20.61,157,Kennesaw State,2021
1747,19.5,158,Charleston Southern,2021
1748,18.29,159,Columbia,2021
1749,16.83,160,Jacksonville State,2021
1750,16.08,161,Sacramento State,2021
1751,15.57,162,Brown,2021
1752,15.36,163,Alabama A&M,2021
1753,14.77,164,Lehigh,2021
1754,14.18,165,Prairie View,2021
1755,13.76,166,North Dakota,2021
1756,13.67,167,Sam Houston State,2021
1757,13.3,168,William & Mary,2021
1758,13.17,169,McNeese,2021
1759,13.15,170,Tennessee State,2021
1760,12.65,172,Southern Illinois,2021
1761,12.61,173,Western Carolina,2021
1762,12.51,174,Maine,2021
1763,12.15,175,Chattanooga,2021
1764,12.14,176,Duquesne,2021
1765,11.04,177,Texas Southern,2021
1766,10.54,178,Towson,2021
1767,10.53,179,Villanova,2021
1768,10.53,180,Northwestern State,2021
1769,10.14,181,Holy Cross,2021
1770,10.14,182,Lafayette,2021
1771,9.46,183,Texas State,2021
1772,9.32,184,San Diego,2021
1773,8.92,185,Gardner-Webb,2021
1774,8.92,186,Rhode Island,2021
1775,8.69,187,Fordham,2021
1776,8.31,188,Northern Colorado,2021
1777,7.31,189,Albany,2021
1778,7.3,190,Montana,2021
1779,7.3,191,Portland State,2021
1780,6.8,192,Campbell,2021
1781,5.8,193,Wofford,2021
1782,333.13,1,Texas A&M,2022
1783,322.25,2,Alabama,2022
1784,318.34,3,Georgia,2022
1785,300.95,4,Ohio State,2022
1786,289.04,5,Texas,2022
1787,278.66,6,Penn State,2022
1788,275.44,7,Notre Dame,2022
1789,266.73,8,Oklahoma,2022
1790,262.13,9,Michigan,2022
1791,260.87,10,Clemson,2022
1792,258.5,11,North Carolina,2022
1793,245.76,12,LSU,2022
1794,243.37,13,Oregon,2022
1795,240.16,14,Kentucky,2022
1796,236.92,15,Missouri,2022
1797,235.03,16,Miami,2022
1798,232.99,17,Florida,2022
1799,232.77,18,Tennessee,2022
1800,229.74,19,Stanford,2022
1801,229.46,20,Florida State,2022
1802,229.35,21,Auburn,2022
1803,224.38,22,Arizona,2022
1804,222.38,23,Ole Miss,2022
1805,221.83,24,Michigan State,2022
1806,220.16,25,South Carolina,2022
1807,219.8,26,Indiana,2022
1808,219.45,27,Mississippi State,2022
1809,217.69,28,Arkansas,2022
1810,217.39,29,Oklahoma State,2022
1811,215.05,30,Iowa,2022
1812,213.62,31,Maryland,2022
1813,212.11,32,Vanderbilt,2022
1814,210.07,33,Rutgers,2022
1815,209.71,34,Utah,2022
1816,209.05,35,West Virginia,2022
1817,208.77,36,Virginia Tech,2022
1818,208.03,37,Baylor,2022
1819,206.4,38,Purdue,2022
1820,205.08,39,Iowa State,2022
1821,202.55,40,Boston College,2022
1822,198.64,41,Nebraska,2022
1823,197.75,42,Cincinnati,2022
1824,197.4,43,Texas Tech,2022
1825,194.42,44,Wisconsin,2022
1826,194.07,45,TCU,2022
1827,192.59,46,Illinois,2022
1828,192.38,47,Colorado,2022
1829,191.62,48,Northwestern,2022
1830,189.38,49,Minnesota,2022
1831,187.64,50,Houston,2022
1832,187.58,51,Louisville,2022
1833,186.78,52,Duke,2022
1834,186.37,53,UCF,2022
1835,184.81,54,Georgia Tech,2022
1836,181.5,55,BYU,2022
1837,181.41,56,Oregon State,2022
1838,176.47,57,Marshall,2022
1839,176.39,58,Memphis,2022
1840,175.53,59,California,2022
1841,175.48,60,Washington State,2022
1842,175.37,61,UCLA,2022
1843,174.52,62,Boise State,2022
1844,173.32,63,Kansas State,2022
1845,171.26,64,NC State,2022
1846,168.39,65,San Diego State,2022
1847,166.85,66,Virginia,2022
1848,166.63,67,Arkansas State,2022
1849,166.16,68,Syracuse,2022
1850,165.67,69,Coastal Carolina,2022
1851,165.48,70,USC,2022
1852,164.19,71,Wake Forest,2022
1853,163.46,72,Fresno State,2022
1854,162.04,73,UT San Antonio,2022
1855,160.73,74,Tulane,2022
1856,157.03,75,San José State,2022
1857,153.09,76,Pittsburgh,2022
1858,152.97,77,Miami (OH),2022
1859,152.84,78,Colorado State,2022
1860,152.38,79,Southern Mississippi,2022
1861,152.31,80,Utah State,2022
1862,147.86,81,Buffalo,2022
1863,146.38,82,SMU,2022
1864,144.67,83,Appalachian State,2022
1865,144.51,84,Central Michigan,2022
1866,143.29,85,East Carolina,2022
1867,142.49,86,UAB,2022
1868,142.15,87,Northern Illinois,2022
1869,140.27,88,Louisiana Tech,2022
1870,137.24,89,Campbell,2022
1871,136.64,90,Kent State,2022
1872,136.48,91,South Florida,2022
1873,134.89,92,Toledo,2022
1874,133.87,93,Wyoming,2022
1875,129.6,94,Western Kentucky,2022
1876,129.57,95,Temple,2022
1877,129.55,96,Washington,2022
1878,127.25,97,Ball State,2022
1879,126.37,98,Liberty,2022
1880,124.26,99,New Mexico,2022
1881,124.06,100,Georgia State,2022
1882,121.78,102,UNLV,2022
1883,120.17,103,Arizona State,2022
1884,119.39,104,South Alabama,2022
1885,119.04,105,Western Michigan,2022
1886,118.85,106,Old Dominion,2022
1887,117.06,107,Charlotte,2022
1888,117.0,108,New Mexico State,2022
1889,115.82,109,Bowling Green,2022
1890,115.78,110,Georgia Southern,2022
1891,115.71,111,Louisiana,2022
1892,113.34,112,Tulsa,2022
1893,112.35,113,Connecticut,2022
1894,110.12,114,Air Force,2022
1895,108.19,115,Nevada,2022
1896,106.28,116,Kansas,2022
1897,105.95,117,UMass,2022
1898,102.95,118,North Texas,2022
1899,102.87,119,Rice,2022
1900,102.04,120,Middle Tennessee,2022
1901,101.32,121,Sam Houston State,2022
1902,100.92,122,Jackson State,2022
1903,96.14,123,Grambling,2022
1904,94.73,124,Florida Atlantic,2022
1905,90.76,125,Central Arkansas,2022
1906,84.97,126,Hawai'i,2022
1907,81.7,127,Akron,2022
1908,77.97,128,Eastern Michigan,2022
1909,77.74,129,UTEP,2022
1910,65.19,130,Troy,2022
1911,56.25,131,Princeton,2022
1912,53.67,132,Ohio,2022
1913,51.34,133,Texas State,2022
1914,49.36,134,Louisiana Monroe,2022
1915,46.49,135,North Dakota State,2022
1916,46.06,136,Harvard,2022
1917,41.85,137,Murray State,2022
1918,41.48,138,Navy,2022
1919,36.11,139,Grand Valley State,2022
1920,32.58,140,Florida A&M,2022
1921,32.26,141,Northern Arizona,2022
1922,30.85,142,Youngstown State,2022
1923,30.6,143,Austin Peay,2022
1924,28.97,144,South Carolina State,2022
1925,28.75,145,Yale,2022
1926,28.48,146,Southeastern Louisiana,2022
1927,27.31,148,Idaho,2022
1928,26.87,149,Northern Iowa,2022
1929,25.39,150,Jacksonville State,2022
1930,25.26,151,Southern Illinois,2022
1931,24.93,152,Eastern Washington,2022
1932,24.04,153,Western Carolina,2022
1933,23.86,154,Portland State,2022
1934,23.66,155,Chattanooga,2022
1935,21.94,156,James Madison,2022
1936,19.26,157,Eastern Kentucky,2022
1937,18.34,158,Army,2022
1938,17.56,159,Georgetown,2022
1939,16.89,160,East Tennessee State,2022
1940,15.78,161,Northwestern State,2022
1941,14.17,162,Howard,2022
1942,14.17,162,Tennessee Tech,2022
1943,13.67,165,Missouri State,2022
1944,13.0,167,Western Illinois,2022
1945,12.81,168,UC Davis,2022
1946,12.67,169,Sacramento State,2022
1947,12.67,169,Monmouth,2022
1948,12.56,171,Lehigh,2022
1949,12.28,172,Pennsylvania,2022
1950,12.17,173,Weber State,2022
1951,12.17,173,Villanova,2022
1952,12.17,173,Furman,2022
1953,11.67,177,Southeast Missouri State,2022
1954,11.67,177,Lamar,2022
1955,11.17,179,Alabama A&M,2022
1956,11.17,179,North Carolina Central,2022
1957,11.17,179,North Carolina A&T,2022
1958,10.89,182,Richmond,2022
1959,10.67,183,Rhode Island,2022
1960,10.44,184,UT Martin,2022
1961,10.06,185,Towson,2022
1962,9.89,186,The Citadel,2022
1963,9.44,188,Stephen F. Austin,2022
1964,8.83,189,Bucknell,2022
1965,8.33,190,Montana State,2022
1966,328.0,1,Alabama,2023
1967,315.68,2,Georgia,2023
1968,306.31,3,Texas,2023
1969,289.03,4,Oklahoma,2023
1970,288.98,5,Ohio State,2023
1971,288.7,6,LSU,2023
1972,284.64,7,Miami,2023
1973,280.44,8,USC,2023
1974,278.44,9,Oregon,2023
1975,277.0,10,Tennessee,2023
1976,273.39,11,Clemson,2023
1977,272.74,12,Notre Dame,2023
1978,271.43,13,Florida,2023
1979,270.1,14,Penn State,2023
1980,268.85,15,Texas A&M,2023
1981,256.14,16,South Carolina,2023
1982,245.13,17,Michigan,2023
1983,242.9,18,Auburn,2023
1984,237.15,19,Florida State,2023
1985,236.08,20,Utah,2023
1986,235.07,21,TCU,2023
1987,228.3,22,Arkansas,2023
1988,227.96,23,Ole Miss,2023
1989,224.87,24,Michigan State,2023
1990,224.12,25,Nebraska,2023
1991,223.92,26,Washington,2023
1992,222.92,27,Mississippi State,2023
1993,222.02,28,Texas Tech,2023
1994,219.75,29,Colorado,2023
1995,219.35,30,North Carolina,2023
1996,217.99,31,Louisville,2023
1997,212.42,32,Kentucky,2023
1998,212.31,33,Kansas State,2023
1999,211.13,34,Missouri,2023
2000,210.79,35,Baylor,2023
2001,206.46,36,Maryland,2023
2002,206.15,37,UCLA,2023
2003,205.64,38,Illinois,2023
2004,205.58,39,Virginia Tech,2023
2005,204.72,40,Arizona,2023
2006,204.36,41,Iowa,2023
2007,204.14,42,Iowa State,2023
2008,204.08,43,NC State,2023
2009,201.23,44,Arizona State,2023
2010,201.22,45,Minnesota,2023
2011,200.94,46,Stanford,2023
2012,200.11,47,Northwestern,2023
2013,199.09,48,West Virginia,2023
2014,198.88,49,Oregon State,2023
2015,196.98,50,UCF,2023
2016,196.32,51,Pittsburgh,2023
2017,195.39,52,Vanderbilt,2023
2018,193.23,53,Wake Forest,2023
2019,193.19,54,Oklahoma State,2023
2020,191.97,55,Houston,2023
2021,191.8,56,Duke,2023
2022,190.36,57,Rutgers,2023
2023,188.21,58,Wisconsin,2023
2024,187.6,59,UT San Antonio,2023
2025,186.18,60,Memphis,2023
2026,185.3,61,Boston College,2023
2027,185.2,62,Georgia Tech,2023
2028,184.96,63,Washington State,2023
2029,180.69,64,Virginia,2023
2030,180.54,65,East Carolina,2023
2031,179.88,66,BYU,2023
2032,179.7,67,Boise State,2023
2033,179.36,68,Purdue,2023
2034,177.6,69,Indiana,2023
2035,176.09,70,Colorado State,2023
2036,172.87,71,Tulane,2023
2037,171.15,72,SMU,2023
2038,169.88,73,Kansas,2023
2039,168.05,74,Arkansas State,2023
2040,167.89,75,Cincinnati,2023
2041,165.19,76,South Florida,2023
2042,163.34,77,Louisiana Tech,2023
2043,163.05,78,San Diego State,2023
2044,162.74,79,California,2023
2045,161.99,80,Appalachian State,2023
2046,161.48,81,Southern Mississippi,2023
2047,161.44,82,Florida Atlantic,2023
2048,161.0,83,Fresno State,2023
2049,160.65,84,Buffalo,2023
2050,160.16,85,Temple,2023
2051,159.14,86,Rice,2023
2052,158.7,87,Eastern Michigan,2023
2053,156.73,88,Syracuse,2023
2054,155.69,89,Louisiana,2023
2055,154.95,90,South Alabama,2023
2056,153.75,91,Central Michigan,2023
2057,149.23,92,UAB,2023
2058,148.06,93,Campbell,2023
2059,147.8,94,Troy,2023
2060,147.71,95,Florida International,2023
2061,141.34,96,Sam Houston State,2023
2062,140.79,97,Ohio,2023
2063,139.15,98,Texas State,2023
2064,137.98,99,North Texas,2023
2065,133.96,100,Utah State,2023
2066,131.86,101,Georgia Southern,2023
2067,131.66,102,Toledo,2023
2068,131.18,103,Northern Illinois,2023
2069,130.58,104,Air Force,2023
2070,129.81,105,Miami (OH),2023
2071,129.14,106,Western Michigan,2023
2072,126.82,107,Nevada,2023
2073,126.78,108,Ball State,2023
2074,121.18,109,Akron,2023
2075,120.69,110,Wyoming,2023
2076,120.52,111,Liberty,2023
2077,118.01,112,San José State,2023
2078,116.57,113,New Mexico State,2023
2079,113.66,114,Coastal Carolina,2023
2080,113.39,115,Tulsa,2023
2081,111.43,116,Georgia State,2023
2082,111.34,117,Hawai'i,2023
2083,110.02,118,Army,2023
2084,103.84,119,Bowling Green,2023
2085,100.8,120,Middle Tennessee,2023
2086,100.59,121,UTEP,2023
2087,95.13,122,Old Dominion,2023
2088,81.64,123,Kent State,2023
2089,80.21,124,Connecticut,2023
2090,77.8,125,Marshall,2023
2091,73.66,126,Louisiana Monroe,2023
2092,72.64,127,UMass,2023
2093,72.37,128,New Mexico,2023
2094,69.14,129,Charlotte,2023
2095,68.09,130,Jackson State,2023
2096,67.03,131,Navy,2023
2097,63.24,132,Western Carolina,2023
2098,61.03,133,Portland State,2023
2099,58.4,134,Western Kentucky,2023
2100,58.34,135,Austin Peay,2023
2101,55.31,136,UNLV,2023
2102,54.68,137,Princeton,2023
2103,53.84,138,Florida A&M,2023
2104,44.17,139,Cal Poly,2023
2105,43.43,140,Harvard,2023
2106,41.23,141,Houston Christian,2023
2107,39.88,142,Sacramento State,2023
2108,35.94,143,Idaho,2023
2109,31.55,144,Incarnate Word,2023
2110,29.98,145,Howard,2023
2111,27.45,146,Stephen F. Austin,2023
2112,27.27,147,Weber State,2023
2113,25.85,149,James Madison,2023
2114,24.55,150,Utah Tech,2023
2115,23.67,151,Yale,2023
2116,23.49,152,South Dakota,2023
2117,17.03,153,McNeese,2023
2118,16.22,154,Arkansas-Pine Bluff,2023
2119,16.0,155,Grand Valley State,2023
2120,15.97,156,Northern Colorado,2023
2121,15.11,157,Texas Southern,2023
2122,14.78,159,Murray State,2023
2123,14.37,160,The Citadel,2023
2124,14.33,161,Montana,2023
2125,14.17,162,Eastern Washington,2023
2126,13.85,163,Jacksonville State,2023
2127,13.83,164,Southeast Missouri State,2023
2128,13.78,165,Eastern Illinois,2023
2129,13.61,166,Central Arkansas,2023
2130,13.17,167,Mississippi Valley State,2023
2131,13.17,167,Dartmouth,2023
2132,13.17,167,North Dakota State,2023
2133,13.0,170,Duquesne,2023
2134,12.78,171,Southern,2023
2135,12.78,171,Eastern Kentucky,2023
2136,12.75,173,Pennsylvania,2023
2137,12.5,174,Southern Illinois,2023
2138,12.37,175,Kennesaw State,2023
2139,12.0,176,East Tennessee State,2023
2140,11.7,177,Chattanooga,2023
2141,9.0,178,Northern Iowa,2023
2142,7.33,179,Illinois State,2023
